{"cameraMode":{"drawMode":0,"name":"Shaded","section":"Shading Mode"},"sceneLighting":true,"audioPlay":false,"sceneViewState":{"m_AlwaysRefresh":false,"showFog":true,"showSkybox":true,"showFlares":true,"showImageEffects":true,"showParticleSystems":true,"showVisualEffectGraphs":true,"m_FxEnabled":true},"in2DMode":false,"pivot":{"x":-6.858544826507568,"y":-0.3528793752193451,"z":7.045904636383057},"rotation":{"x":0.20685192942619325,"y":0.03609084337949753,"z":-0.007635969202965498,"w":0.9776774644851685},"size":2.3152756690979006,"orthographic":false}